"geolocation","count_total","max_mass","min_mass","avg_mass","max_year","min_year","avg_year"
"(7.05, 12.43333)",2,36.1,28,32.05,1952,1952,1952.00
"(56.13333, 77.26667)",1,10800,10800,10800.00,1950,1950,1950.00
"(46.15, 32.83333)",1,1932,1932,1932.00,1876,1876,1876.00
"(35.13333, 44.45)",1,6000,6000,6000.00,1929,1929,1929.00
"(43.11667, 11.6)",1,3700,3700,3700.00,1794,1794,1794.00
"(51.73333, 102.53333)",1,2000,2000,2000.00,1824,1824,1824.00
"(35.4, -92.05)",1,16700,16700,16700.00,1930,1930,1930.00
"(26.59083, -12.95217)",1,4720,4720,4720.00,1990,1990,1990.00
"(45.05, 41.98333)",1,1500,1500,1500.00,1857,1857,1857.00
"(16.39806, -9.57028)",1,1000,1000,1000.00,1974,1974,1974.00
"(48.4, -3.3)",1,5000,5000,5000.00,1874,1874,1874.00
"(31.16333, -7.015)",1,100000,100000,100000.00,2008,2008,2008.00
"(38.3, 27.13333)",1,240,240,240.00,1917,1917,1917.00
"(-3.13333, 33.51667)",1,470,470,470.00,1930,1930,1930.00
"(26.68333, 93.86667)",1,12500,12500,12500.00,2001,2001,2001.00
"(35.25, -80.5)",1,8600,8600,8600.00,1849,1849,1849.00
"(-23.2, -51.83333)",1,1200,1200,1200.00,1977,1977,1977.00
"(-20.0, -45.0)",1,2500,2500,2500.00,1957,1957,1957.00
"(46.55, 6.81667)",1,705,705,705.00,1901,1901,1901.00
"(53.4, 9.1)",1,7250,7250,7250.00,1855,1855,1855.00
"(21.05, -99.3)",1,3400,3400,3400.00,1881,1881,1881.00
"(-25.66667, 28.36667)",1,460,460,460.00,1912,1912,1912.00
"(46.1, 16.33333)",1,49000,49000,49000.00,1751,1751,1751.00
"(57.78333, 55.26667)",1,500000,500000,500000.00,1887,1887,1887.00
"(-36.61667, 145.2)",1,100000,100000,100000.00,1969,1969,1969.00
"(60.4, 25.8)",1,330000,330000,330000.00,1899,1899,1899.00
"(25.0, -103.5)",1,146,146,146.00,1855,1855,1855.00
"(49.23333, 17.56667)",1,412,412,412.00,1934,1934,1934.00
"(33.6, -96.46667)",1,375,375,375.00,1961,1961,1961.00
"(38.25, -83.75)",1,86000,86000,86000.00,1902,1902,1902.00
"(54.21667, -113.0)",1,107000,107000,107000.00,1952,1952,1952.00
"(11.25, 108.58333)",1,500,500,500.00,1887,1887,1887.00
"(-6.23333, -40.7)",1,2000,2000,2000.00,1967,1967,1967.00
"(32.33333, -6.3)",1,1161,1161,1161.00,1932,1932,1932.00
"(11.08333, -0.18333)",1,1557,1557,1557.00,1989,1989,1989.00
"(46.63333, 0.16667)",1,20000,20000,20000.00,1831,1831,1831.00
"(28.2, 76.66667)",1,3332,3332,3332.00,1929,1929,1929.00
"(51.65, 5.61667)",1,710,710,710.00,1840,1840,1840.00
"(38.93333, 48.25)",1,150200,150200,150200.00,1959,1959,1959.00
"(31.61667, 76.8)",1,4500,4500,4500.00,1910,1910,1910.00
"(33.83333, 115.83333)",1,7500,7500,7500.00,1977,1977,1977.00
"(32.31667, -89.71667)",1,NULL,NULL,NULL,1910,1910,1910.00
"(39.43833, 140.51167)",1,866,866,866.00,1993,1993,1993.00
"(40.2, 29.23333)",1,25000,25000,25000.00,1946,1946,1946.00
"(25.36667, 81.66667)",1,0.5,0.5,0.50,1814,1814,1814.00
"(19.76667, -100.65)",1,460,460,460.00,1968,1968,1968.00
"(38.2, -89.68333)",1,74800,74800,74800.00,1927,1927,1927.00
"(43.83333, 20.44167)",1,34000,34000,34000.00,1889,1889,1889.00
"(41.38333, -86.6)",1,3710,3710,3710.00,1959,1959,1959.00
"(34.23333, 72.08333)",1,4500,4500,4500.00,1948,1948,1948.00
"(56.66667, 23.0)",1,5800,5800,5800.00,1890,1890,1890.00
"(-17.35, 13.96667)",1,NULL,NULL,NULL,1966,1966,1966.00
"(50.53333, 14.11667)",1,39,39,39.00,1723,1723,1723.00
"(43.33333, 141.86667)",1,363,363,363.00,1925,1925,1925.00
"(36.44917, 136.46528)",1,420,420,420.00,1995,1995,1995.00
"(34.41667, 3.25)",1,10000,10000,10000.00,1989,1989,1989.00
"(27.33333, -9.33333)",1,175000,175000,175000.00,1998,1998,1998.00
"(49.16667, 19.5)",1,6100,6100,6100.00,1895,1895,1895.00
"(37.05, 138.38333)",1,4460,4460,4460.00,1920,1920,1920.00
"(51.91667, 8.38333)",1,1000,1000,1000.00,1851,1851,1851.00
"(26.25, 82.0)",1,300,300,300.00,1872,1872,1872.00
"(48.53333, 35.98333)",1,40000,40000,40000.00,1826,1826,1826.00
"(20.26667, 76.01667)",1,8800,8800,8800.00,1838,1838,1838.00
"(20.06667, -103.66667)",1,94.2,94.2,94.20,1896,1896,1896.00
"(29.58333, 77.58333)",1,16820,16820,16820.00,2003,2003,2003.00
"(38.16667, -76.38333)",1,24.3,24.3,24.30,1919,1919,1919.00
"(6.75, 8.5)",1,7700,7700,7700.00,1963,1963,1963.00
"(-31.01667, -71.4)",1,282,282,282.00,1956,1956,1956.00
"(53.35, 15.05)",1,7000,7000,7000.00,1715,1715,1715.00
"(41.36667, -6.23333)",1,NULL,NULL,NULL,1843,1843,1843.00
"(28.25, 7.0)",1,NULL,NULL,NULL,1944,1944,1944.00
"(47.93333, 1.56667)",1,27000,27000,27000.00,1810,1810,1810.00
"(38.71667, -7.06667)",1,150000,150000,150000.00,1924,1924,1924.00
"(43.5, -91.16667)",1,1500,1500,1500.00,1865,1865,1865.00
"(39.26333, 31.78)",1,85000,85000,85000.00,1961,1961,1961.00
"(47.13333, 43.9)",1,800,800,800.00,1952,1952,1952.00
"(34.16667, -80.28333)",1,6000,6000,6000.00,1843,1843,1843.00
"(42.8, -4.66667)",1,3500,3500,3500.00,2004,2004,2004.00
"(29.71667, 77.95)",1,1800,1800,1800.00,1838,1838,1838.00
"(-29.8, 141.7)",1,11300,11300,11300.00,1902,1902,1902.00
"(58.88333, 9.4)",1,246,246,246.00,1928,1928,1928.00
"(9.91667, 13.98333)",1,968,968,968.00,1949,1949,1949.00
"(-32.01667, 27.41667)",1,13780,13780,13780.00,1903,1903,1903.00
"(46.8, 24.03333)",1,300000,300000,300000.00,1882,1882,1882.00
"(-26.16667, -49.93333)",1,600,600,600.00,1941,1941,1941.00
"(41.11667, 45.0)",1,3719,3719,3719.00,1906,1906,1906.00
"(34.175, -103.295)",1,71400,71400,71400.00,1998,1998,1998.00
"(-40.975, 145.6)",1,8887.5,8887.5,8887.50,1930,1930,1930.00
"(-25.5, -54.5)",1,7000,7000,7000.00,1972,1972,1972.00
"(49.32694, 7.46472)",1,16500,16500,16500.00,1869,1869,1869.00
"(-32.75, -65.28333)",1,300,300,300.00,1925,1925,1925.00
"(48.13333, 12.61667)",1,1600,1600,1600.00,1803,1803,1803.00
"(35.96667, -82.48333)",1,3700,3700,3700.00,1929,1929,1929.00
"(52.03333, 43.0)",1,2000,2000,2000.00,1882,1882,1882.00
"(57.81667, 16.23333)",1,1456,1456,1456.00,1944,1944,1944.00
"(47.46667, -0.55)",1,NULL,NULL,NULL,1822,1822,1822.00
"(44.11667, 4.08333)",1,6000,6000,6000.00,1806,1806,1806.00
"(-29.03333, -53.05)",1,300000,300000,300000.00,1937,1937,1937.00
"(36.88333, 8.45)",1,380,380,380.00,1875,1875,1875.00
"(24.65, 76.86667)",1,7.7,7.7,7.70,1911,1911,1911.00
"(18.7, 4.8)",1,110000,110000,110000.00,1991,1991,1991.00
"(14.18333, 75.8)",1,1293,1293,1293.00,1902,1902,1902.00
"(-7.23333, 107.33333)",1,1590,1590,1590.00,1939,1939,1939.00
"(51.88333, 6.93333)",1,4682,4682,4682.00,1958,1958,1958.00
"(36.08333, -78.06667)",1,7300,7300,7300.00,1874,1874,1874.00
"(43.95, -0.05)",1,6400,6400,6400.00,1790,1790,1790.00
"(25.48333, 81.98333)",1,71400,71400,71400.00,1920,1920,1920.00
"(-33.35, 146.85833)",1,26000,26000,26000.00,1942,1942,1942.00
"(44.05, 126.16667)",1,4000000,4000000,4000000.00,1976,1976,1976.00
"(61.73333, 5.93333)",1,100.7,100.7,100.70,1898,1898,1898.00
"(-6.23333, 106.88333)",1,24750,24750,24750.00,1915,1915,1915.00
"(38.36667, 140.86556)",1,27.5,27.5,27.50,1984,1984,1984.00
"(10.0, -84.1)",1,1000,1000,1000.00,1857,1857,1857.00
"(45.76667, 3.25)",1,1300,1300,1300.00,1949,1949,1949.00
"(25.68333, 83.25)",1,8510,8510,8510.00,1910,1910,1910.00
"(22.08333, 86.9)",1,2500,2500,2500.00,1905,1905,1905.00
"(25.38333, 82.6)",1,1039,1039,1039.00,1895,1895,1895.00
"(51.2, 112.3)",1,3891,3891,3891.00,1805,1805,1805.00
"(-7.75, 112.76667)",1,10500,10500,10500.00,1975,1975,1975.00
"(20.74575, 32.41275)",1,3950,3950,3950.00,2008,2008,2008.00
"(38.2, 115.7)",1,4910,4910,4910.00,1919,1919,1919.00
"(56.03333, 13.0)",1,3336,3336,3336.00,1939,1939,1939.00
"(-19.48333, 31.65)",1,666.6,666.6,666.60,1990,1990,1990.00
"(-33.15639, 115.67639)",1,488.1,488.1,488.10,1984,1984,1984.00
"(50.66667, 2.33333)",1,NULL,NULL,NULL,1769,1769,1769.00
"(38.70066, -77.21163)",1,329.7,329.7,329.70,2010,2010,2010.00
"(-20.81, -49.38056)",1,927,927,927.00,1962,1962,1962.00
"(12.63333, 77.01667)",1,4400,4400,4400.00,1865,1865,1865.00
"(42.06667, -104.16667)",1,259.1,259.1,259.10,1944,1944,1944.00
"(45.43333, -0.45)",1,5000,5000,5000.00,1819,1819,1819.00
"(44.71667, 4.3)",1,91000,91000,91000.00,1821,1821,1821.00
"(43.43333, 2.95)",1,134.3,134.3,134.30,1959,1959,1959.00
"(26.13333, 85.53333)",1,1245,1245,1245.00,1964,1964,1964.00
"(29.01667, 77.8)",1,22,22,22.00,1861,1861,1861.00
"(43.26667, 13.35)",1,3130,3130,3130.00,1846,1846,1846.00
"(53.415, -111.3375)",1,4576,4576,4576.00,1977,1977,1977.00
"(48.18333, 6.46667)",1,277,277,277.00,1822,1822,1822.00
"(44.76667, 11.28333)",1,1000,1000,1000.00,1824,1824,1824.00
"(11.33367, -3.54217)",1,NULL,NULL,NULL,1989,1989,1989.00
"(41.93333, -7.46667)",1,2945,2945,2945.00,1925,1925,1925.00
"(43.2, -96.91667)",1,45.6,45.6,45.60,1956,1956,1956.00
"(49.88333, 13.91667)",1,2000,2000,2000.00,1824,1824,1824.00
"(7.95, 8.08333)",1,103000,103000,103000.00,1927,1927,1927.00
"(50.31667, 3.73333)",1,9000,9000,9000.00,1934,1934,1934.00
"(29.51667, 35.05)",1,779,779,779.00,1949,1949,1949.00
"(26.95, 77.88333)",1,450,450,450.00,1860,1860,1860.00
"(10.01667, 9.58333)",1,357,357,357.00,1942,1942,1942.00
"(45.95, -67.55)",1,2840,2840,2840.00,1949,1949,1949.00
"(-6.33333, 106.0)",1,629,629,629.00,1933,1933,1933.00
"(36.05, -94.16667)",1,2360,2360,2360.00,1934,1934,1934.00
"(38.41667, -77.16667)",1,7500,7500,7500.00,1825,1825,1825.00
"(52.86667, 16.63333)",1,690,690,690.00,1910,1910,1910.00
"(37.28333, 14.7)",1,42,42,42.00,1826,1826,1826.00
"(24.8, 103.3)",1,2520,2520,2520.00,1980,1980,1980.00
"(52.2, 17.98333)",1,910,910,910.00,1880,1880,1880.00
"(-17.3, 15.83333)",1,2400,2400,2400.00,1961,1961,1961.00
"(40.25, -74.0)",1,28,28,28.00,1829,1829,1829.00
"(-31.66667, 152.83333)",1,30,30,30.00,1999,1999,1999.00
"(34.48333, 133.28333)",1,1500,1500,1500.00,1926,1926,1926.00
"(48.9, 11.21667)",1,3000,3000,3000.00,1785,1785,1785.00
"(23.0, -102.0)",1,56,56,56.00,1804,1804,1804.00
"(36.95, 9.55)",1,10000,10000,10000.00,1999,1999,1999.00
"(47.35, 21.3)",1,3000,3000,3000.00,1857,1857,1857.00
"(51.46667, 84.76667)",1,16400,16400,16400.00,1911,1911,1911.00
"(38.4, 140.35)",1,6510,6510,6510.00,1867,1867,1867.00
"(33.71667, 74.83333)",1,5000,5000,5000.00,1912,1912,1912.00
"(53.03639, -4.31944)",1,157,157,157.00,1931,1931,1931.00
"(0.0, 37.66667)",1,6000,6000,6000.00,1945,1945,1945.00
"(31.3, 72.38333)",1,5900,5900,5900.00,1873,1873,1873.00
"(39.82467, 36.13583)",1,40000,40000,40000.00,1989,1989,1989.00
"(25.38333, 72.01667)",1,3224.5,3224.5,3224.50,1937,1937,1937.00
"(-5.2, -36.66667)",1,1500,1500,1500.00,1836,1836,1836.00
"(55.18333, 27.91667)",1,3000,3000,3000.00,1893,1893,1893.00
"(35.13333, 113.33333)",1,NULL,NULL,NULL,1931,1931,1931.00
"(21.20833, 94.91667)",1,737.6,737.6,737.60,1939,1939,1939.00
"(36.54194, 29.41822)",1,5760,5760,5760.00,2008,2008,2008.00
"(44.11667, 27.26667)",1,0.15,0.15,0.15,1917,1917,1917.00
"(33.48472, -117.6625)",1,56,56,56.00,1973,1973,1973.00
"(20.88333, 76.86667)",1,17900,17900,17900.00,1939,1939,1939.00
"(16.88333, -99.9)",1,1914,1914,1914.00,1976,1976,1976.00
"(36.83333, -84.35)",1,17000,17000,17000.00,1919,1919,1919.00
"(56.58333, -3.25)",1,13400,13400,13400.00,1917,1917,1917.00
"(-22.96667, -44.31667)",1,1500,1500,1500.00,1869,1869,1869.00
"(41.68333, -3.8)",1,1440,1440,1440.00,1811,1811,1811.00
"(44.88333, 8.75)",1,908,908,908.00,1860,1860,1860.00
"(45.08333, 8.3)",1,6460,6460,6460.00,1840,1840,1840.00
"(31.61667, 113.46667)",1,260000,260000,260000.00,1986,1986,1986.00
"(24.16667, -99.33333)",1,60,60,60.00,1939,1939,1939.00
"(24.3, -102.13333)",1,50000,50000,50000.00,1978,1978,1978.00
"(44.86667, 133.16667)",1,637,637,637.00,1935,1935,1935.00
"(47.21667, 81.01667)",1,3000,3000,3000.00,1840,1840,1840.00
"(29.48195, -7.61123)",1,7000,7000,7000.00,2011,2011,2011.00
"(34.73333, 135.16667)",1,136,136,136.00,1999,1999,1999.00
"(44.55, 131.63333)",1,256000,256000,256000.00,1916,1916,1916.00
"(50.93333, 12.13333)",1,3000,3000,3000.00,1819,1819,1819.00
"(-26.45, 120.36667)",1,330000,330000,330000.00,1960,1960,1960.00
"(0.0, 0.0)",1,24.54,24.54,24.54,2010,2010,2010.00
"(36.85, 138.38333)",1,331,331,331.00,1906,1906,1906.00
"(11.65, -3.65)",1,18000,18000,18000.00,1924,1924,1924.00
"(-31.6, -65.23333)",1,1620,1620,1620.00,1930,1930,1930.00
"(38.80389, -120.90806)",1,992.5,992.5,992.50,2012,2012,2012.00
"(42.51667, 26.16667)",1,90,90,90.00,1931,1931,1931.00
"(41.8, -91.86667)",1,230000,230000,230000.00,1875,1875,1875.00
"(27.08333, 78.33333)",1,89,89,89.00,1822,1822,1822.00
"(12.9, 7.15)",1,180,180,180.00,1949,1949,1949.00
"(42.45, 9.03333)",1,41,41,41.00,1805,1805,1805.00
"(-10.26667, 38.76667)",1,6000,6000,6000.00,1949,1949,1949.00
"(-14.2, 48.1)",1,6000,6000,6000.00,2002,2002,2002.00
"(25.37, -97.37)",1,17226,17226,17226.00,1977,1977,1977.00
"(39.80417, 122.76389)",1,2910,2910,2910.00,1996,1996,1996.00
"(5.0, 48.0)",1,120000,120000,120000.00,1919,1919,1919.00
"(11.98333, 79.75)",1,2799,2799,2799.00,1944,1944,1944.00
"(-26.16667, 28.41667)",1,3880,3880,3880.00,1943,1943,1943.00
"(38.73333, -6.01667)",1,39000,39000,39000.00,1892,1892,1892.00
"(43.75, 5.11667)",1,7000,7000,7000.00,1897,1897,1897.00
"(43.76667, 20.23333)",1,1915,1915,1915.00,1891,1891,1891.00
"(37.46667, -77.5)",1,1800,1800,1800.00,1828,1828,1828.00
"(49.03333, -1.43333)",1,NULL,NULL,NULL,1750,1750,1750.00
"(37.83333, -76.7)",1,1265,1265,1265.00,1921,1921,1921.00
"(66.34833, 14.015)",1,253.6,253.6,253.60,1942,1942,1942.00
"(42.53333, -73.83333)",1,13.9,13.9,13.90,1859,1859,1859.00
"(32.43333, 119.86667)",1,630,630,630.00,1989,1989,1989.00
"(52.55, -8.03333)",1,2270,2270,2270.00,1865,1865,1865.00
"(50.775, 6.08333)",1,21,21,21.00,1880,1880,1880.00
"(31.60833, -102.85833)",1,2587,2587,2587.00,1998,1998,1998.00
"(55.9, -4.23333)",1,4500,4500,4500.00,1804,1804,1804.00
"(38.13333, 14.96667)",1,12,12,12.00,1922,1922,1922.00
"(52.73333, 84.08333)",1,23.2,23.2,23.20,1904,1904,1904.00
"(54.00883, 22.005)",1,1066,1066,1066.00,2011,2011,2011.00
"(37.41667, -6.0)",1,180,180,180.00,1862,1862,1862.00
"(52.75, 11.05)",1,43,43,43.00,1985,1985,1985.00
"(22.68, 70.31333)",1,100,100,100.00,2006,2006,2006.00
"(38.98333, 141.61667)",1,135000,135000,135000.00,1850,1850,1850.00
"(46.05, 4.63333)",1,9000,9000,9000.00,1798,1798,1798.00
"(-31.25, 26.46667)",1,150,150,150.00,1953,1953,1953.00
"(47.55, 22.025)",1,1100,1100,1100.00,1914,1914,1914.00
"(-44.11667, -66.15)",1,20000,20000,20000.00,1948,1948,1948.00
"(43.0, -80.0)",1,340,340,340.00,1887,1887,1887.00
"(42.53333, 12.61667)",1,5000,5000,5000.00,1890,1890,1890.00
"(50.35, 10.8)",1,2900,2900,2900.00,1775,1775,1775.00
"(26.96556, 72.62667)",1,40000,40000,40000.00,1994,1994,1994.00
"(50.61667, 36.6)",1,101000,101000,101000.00,1874,1874,1874.00
"(47.63333, 1.58333)",1,500,500,500.00,1838,1838,1838.00
"(31.58333, 71.6)",1,2950,2950,2950.00,1955,1955,1955.00
"(16.66667, 101.18333)",1,16700,16700,16700.00,1993,1993,1993.00
"(35.5, -93.5)",1,48500,48500,48500.00,1886,1886,1886.00
"(-7.5, 111.5)",1,166000,166000,166000.00,1884,1884,1884.00
"(45.81667, 44.63333)",1,3555,3555,3555.00,1951,1951,1951.00
"(54.61667, -6.21667)",1,4255,4255,4255.00,1902,1902,1902.00
"(48.7, 37.5)",1,600,600,600.00,1969,1969,1969.00
"(32.25, -8.15)",1,25000,25000,25000.00,2004,2004,2004.00
"(25.55, 83.11667)",1,3698,3698,3698.00,1932,1932,1932.00
"(18.75, 75.33333)",1,22,22,22.00,1866,1866,1866.00
"(43.38333, -80.38333)",1,202.6,202.6,202.60,1998,1998,1998.00
"(32.16667, -95.1)",1,1020,1020,1020.00,1917,1917,1917.00
"(43.83889, 20.33333)",1,212,212,212.00,1919,1919,1919.00
"(38.68333, -91.15)",1,1600,1600,1600.00,1877,1877,1877.00
"(10.2, 76.26667)",1,1460,1460,1460.00,1917,1917,1917.00
"(50.76667, 3.0)",1,4960,4960,4960.00,1962,1962,1962.00
"(9.5, 35.33333)",1,2450,2450,2450.00,1970,1970,1970.00
"(46.35, 30.58333)",1,8000,8000,8000.00,1881,1881,1881.00
"(49.4, 14.65)",1,7540,7540,7540.00,1753,1753,1753.00
"(39.91667, 42.81667)",1,50000,50000,50000.00,1981,1981,1981.00
"(19.86667, -100.81667)",1,300,300,300.00,1899,1899,1899.00
"(41.28333, -73.81667)",1,250,250,250.00,1869,1869,1869.00
"(35.38333, 134.9)",1,720,720,720.00,1880,1880,1880.00
"(-31.88333, -60.46667)",1,400,400,400.00,1957,1957,1957.00
"(30.18, -6.57717)",1,1215.5,1215.5,1215.50,1986,1986,1986.00
"(11.85, 8.21667)",1,13400,13400,13400.00,1971,1971,1971.00
"(30.83333, -97.76667)",1,3640,3640,3640.00,1922,1922,1922.00
"(54.33333, 56.08333)",1,4000,4000,4000.00,1946,1946,1946.00
"(25.85, 83.48333)",1,8200,8200,8200.00,1907,1907,1907.00
"(44.38333, 5.16667)",1,800,800,800.00,1836,1836,1836.00
"(49.6, 17.11667)",1,28000,28000,28000.00,1878,1878,1878.00
"(1.7, 33.63333)",1,2050,2050,2050.00,1945,1945,1945.00
"(43.5, 26.53333)",1,24700,24700,24700.00,1740,1740,1740.00
"(27.8, 67.16667)",1,22000,22000,22000.00,1905,1905,1905.00
"(37.35172, 27.32997)",1,3396,3396,3396.00,2007,2007,2007.00
"(43.5, 125.66667)",1,3900,3900,3900.00,1971,1971,1971.00
"(61.2, 27.7)",1,885,885,885.00,1813,1813,1813.00
"(28.53333, 109.31667)",1,3700,3700,3700.00,1998,1998,1998.00
"(20.66667, -101.28333)",1,399,399,399.00,1878,1878,1878.00
"(29.53333, 71.8)",1,1000,1000,1000.00,1868,1868,1868.00
"(45.81667, 125.91667)",1,42000,42000,42000.00,1984,1984,1984.00
"(41.76667, 62.51667)",1,1000,1000,1000.00,1989,1989,1989.00
"(31.0, 75.0)",1,1967,1967,1967.00,1621,1621,1621.00
"(22.25, 79.0)",1,691,691,691.00,1940,1940,1940.00
"(29.86667, 121.48333)",1,14250,14250,14250.00,1975,1975,1975.00
"(-31.23333, -58.16667)",1,45000,45000,45000.00,1985,1985,1985.00
"(39.7825, -104.93056)",1,230,230,230.00,1967,1967,1967.00
"(42.475, -5.33333)",1,17300,17300,17300.00,1947,1947,1947.00
"(36.16667, 3.66667)",1,50000,50000,50000.00,1865,1865,1865.00
"(36.83333, -97.33333)",1,2381,2381,2381.00,1906,1906,1906.00
"(43.53333, 22.63333)",1,3600,3600,3600.00,1873,1873,1873.00
"(-32.1, 28.33333)",1,3457,3457,3457.00,1956,1956,1956.00
"(46.24167, 126.19611)",1,1282,1282,1282.00,1986,1986,1986.00
"(59.85, 17.66667)",1,20000,20000,20000.00,1869,1869,1869.00
"(-32.86667, 18.71667)",1,37,37,37.00,1881,1881,1881.00
"(12.5, 0.7)",1,8800,8800,8800.00,1962,1962,1962.00
"(32.03333, -84.76667)",1,340,340,340.00,1869,1869,1869.00
"(40.41667, -3.71667)",1,400,400,400.00,1896,1896,1896.00
"(-33.13333, 19.38333)",1,5200,5200,5200.00,1838,1838,1838.00
"(35.41667, -79.38333)",1,1880,1880,1880.00,1913,1913,1913.00
"(-25.83333, -56.5)",1,NULL,NULL,NULL,1925,1925,1925.00
"(26.2, 85.4)",1,800,800,800.00,1942,1942,1942.00
"(59.93333, 14.95)",1,34000,34000,34000.00,1876,1876,1876.00
"(30.0, 90.75)",1,NULL,NULL,NULL,1944,1944,1944.00
"(-18.0, 16.0)",1,121.5,121.5,121.50,1900,1900,1900.00
"(26.03472, 73.94167)",1,42000,42000,42000.00,1996,1996,1996.00
"(26.21667, 69.55)",1,8400,8400,8400.00,1901,1901,1901.00
"(9.33333, 80.83333)",1,25.5,25.5,25.50,1795,1795,1795.00
"(-32.5, 21.9)",1,48000,48000,48000.00,1903,1903,1903.00
"(-7.0, 115.5)",1,1630,1630,1630.00,1908,1908,1908.00
"(-26.59278, 120.32833)",1,150000,150000,150000.00,1967,1967,1967.00
"(21.86667, 82.45)",1,230,230,230.00,1899,1899,1899.00
"(-32.33333, -64.86667)",1,NULL,NULL,NULL,1937,1937,1937.00
"(26.83333, 77.33333)",1,1500,1500,1500.00,1868,1868,1868.00
"(47.08333, 1.75)",1,2800,2800,2800.00,1879,1879,1879.00
"(48.01667, -1.15)",1,4000,4000,4000.00,1890,1890,1890.00
"(44.36667, -69.2)",1,5400,5400,5400.00,1871,1871,1871.00
"(-26.15, 26.18333)",1,4000,4000,4000.00,1973,1973,1973.00
"(58.55, 31.33333)",1,NULL,NULL,NULL,1662,1662,1662.00
"(9.36667, 42.41667)",1,34650,34650,34650.00,1981,1981,1981.00
"(42.13333, 12.93333)",1,3400,3400,3400.00,1872,1872,1872.00
"(52.75, 12.9)",1,1862,1862,1862.00,1854,1854,1854.00
"(34.33333, -98.3)",1,28100,28100,28100.00,1946,1946,1946.00
"(-10.66667, 35.5)",1,165,165,165.00,1899,1899,1899.00
"(27.35, 68.53333)",1,6400,6400,6400.00,1897,1897,1897.00
"(17.76667, 95.18333)",1,6045,6045,6045.00,1857,1857,1857.00
"(39.8, -101.2)",1,16000,16000,16000.00,1929,1929,1929.00
"(56.4, -3.43333)",1,2,2,2.00,1830,1830,1830.00
"(8.96667, 12.08333)",1,4850,4850,4850.00,1974,1974,1974.00
"(44.86667, 9.15)",1,1004,1004,1004.00,1903,1903,1903.00
"(26.91667, 83.96667)",1,5650,5650,5650.00,1878,1878,1878.00
"(43.38333, -5.15)",1,34000,34000,34000.00,1866,1866,1866.00
"(49.36667, 16.63333)",1,470,470,470.00,1833,1833,1833.00
"(46.45, 25.78333)",1,5000,5000,5000.00,1863,1863,1863.00
"(45.58333, -122.35)",1,225,225,225.00,1939,1939,1939.00
"(24.55, 84.83333)",1,5000,5000,5000.00,1865,1865,1865.00
"(59.43333, 10.7)",1,3763,3763,3763.00,2006,2006,2006.00
"(31.25, -99.03333)",1,1900,1900,1900.00,1980,1980,1980.00
"(34.2, 131.56667)",1,467,467,467.00,1897,1897,1897.00
"(53.18333, 13.15)",1,10500,10500,10500.00,1862,1862,1862.00
"(52.56667, -8.78333)",1,50000,50000,50000.00,1813,1813,1813.00
"(41.0, 112.0)",1,3000,3000,3000.00,1963,1963,1963.00
"(52.98333, 37.03333)",1,9000,9000,9000.00,1878,1878,1878.00
"(53.1, 23.2)",1,4000,4000,4000.00,1827,1827,1827.00
"(-33.0, -58.61667)",1,22000,22000,22000.00,1932,1932,1932.00
"(42.58333, -103.66667)",1,4100,4100,4100.00,1933,1933,1933.00
"(40.78167, -96.47167)",1,10000,10000,10000.00,1947,1947,1947.00
"(53.9, -112.88333)",1,303000,303000,303000.00,1960,1960,1960.00
"(-28.93333, -63.23333)",1,NULL,NULL,NULL,1931,1931,1931.00
"(42.71667, -99.38333)",1,340,340,340.00,1898,1898,1898.00
"(44.28333, 5.58333)",1,3833,3833,3833.00,1871,1871,1871.00
"(3.405, -76.51)",1,478,478,478.00,2007,2007,2007.00
"(42.53333, -85.88333)",1,32000,32000,32000.00,1899,1899,1899.00
"(26.46667, -105.23333)",1,1025,1025,1025.00,1988,1988,1988.00
"(48.5, 8.0)",1,4500,4500,4500.00,1671,1671,1671.00
"(47.36667, 1.73333)",1,54,54,54.00,1860,1860,1860.00
"(25.95, 80.81667)",1,4000,4000,4000.00,1822,1822,1822.00
"(47.71667, 5.36667)",1,4000,4000,4000.00,1815,1815,1815.00
"(50.18333, 12.73333)",1,107000,107000,107000.00,1399,1399,1399.00
"(-1.00278, 37.15028)",1,14200,14200,14200.00,2011,2011,2011.00
"(20.91667, 82.58333)",1,1600,1600,1600.00,1875,1875,1875.00
"(-4.26667, 35.35)",1,189.2,189.2,189.20,1957,1957,1957.00
"(27.7, 76.33333)",1,15000,15000,15000.00,1892,1892,1892.00
"(1.06667, 34.16667)",1,150000,150000,150000.00,1992,1992,1992.00
"(14.3, 79.76667)",1,13600,13600,13600.00,1852,1852,1852.00
"(47.11667, 7.55)",1,3422,3422,3422.00,1928,1928,1928.00
"(47.58333, 37.25)",1,107000,107000,107000.00,1938,1938,1938.00
"(15.08333, 120.7)",1,10500,10500,10500.00,1859,1859,1859.00
"(35.66667, 136.3)",1,4180,4180,4180.00,1913,1913,1913.00
"(58.66667, 25.73333)",1,23250,23250,23250.00,1863,1863,1863.00
"(52.21667, 11.25)",1,2250,2250,2250.00,1812,1812,1812.00
"(36.18333, 5.41667)",1,9000,9000,9000.00,1867,1867,1867.00
"(-3.66667, 32.5)",1,2936,2936,2936.00,1988,1988,1988.00
"(-1.45, 29.83333)",1,465.5,465.5,465.50,1976,1976,1976.00
"(27.72528, 76.465)",1,10200,10200,10200.00,1986,1986,1986.00
"(-21.73333, 165.9)",1,347,347,347.00,1936,1936,1936.00
"(44.86667, 10.05)",1,1676,1676,1676.00,1808,1808,1808.00
"(50.78333, 4.76667)",1,14500,14500,14500.00,1863,1863,1863.00
"(-21.46028, -49.95083)",1,9330,9330,9330.00,1952,1952,1952.00
"(-27.2, 31.31667)",1,3230,3230,3230.00,1970,1970,1970.00
"(25.93333, 84.28333)",1,1710.5,1710.5,1710.50,1916,1916,1916.00
"(15.0, 48.3)",1,2000,2000,2000.00,1980,1980,1980.00
"(51.33333, 33.88333)",1,614,614,614.00,1823,1823,1823.00
"(-1.21667, 30.0)",1,4975,4975,4975.00,1942,1942,1942.00
"(38.18333, 15.56667)",1,2405,2405,2405.00,1955,1955,1955.00
"(35.5, 115.41667)",1,100000,100000,100000.00,1997,1997,1997.00
"(46.95, -1.5)",1,5500,5500,5500.00,1841,1841,1841.00
"(45.46667, 10.0)",1,11800,11800,11800.00,1856,1856,1856.00
"(9.6, 9.91667)",1,480,480,480.00,1947,1947,1947.00
"(26.53333, 106.46667)",1,2600,2600,2600.00,1976,1976,1976.00
"(39.3, 9.2)",1,2000,2000,2000.00,1956,1956,1956.00
"(-29.33333, 27.58333)",1,45300,45300,45300.00,2002,2002,2002.00
"(45.41667, -98.31667)",1,21000,21000,21000.00,1892,1892,1892.00
"(55.5, 66.08333)",1,3393,3393,3393.00,1933,1933,1933.00
"(44.85, 11.4)",1,15000,15000,15000.00,1910,1910,1910.00
"(51.33333, 28.83333)",1,NULL,NULL,NULL,1775,1775,1775.00
"(56.21667, 13.03333)",1,11000,11000,11000.00,1889,1889,1889.00
"(-37.33333, -61.53333)",1,2000,2000,2000.00,1924,1924,1924.00
"(43.4, -5.86667)",1,205,205,205.00,1856,1856,1856.00
"(23.1, 87.43333)",1,2437,2437,2437.00,1906,1906,1906.00
"(39.35, -3.51667)",1,500,500,500.00,2007,2007,2007.00
"(15.71667, 108.1)",1,11000,11000,11000.00,1941,1941,1941.00
"(49.26667, 18.71667)",1,10500,10500,10500.00,1837,1837,1837.00
"(45.25, 125.0)",1,36900,36900,36900.00,1993,1993,1993.00
"(33.18333, 130.2)",1,11620,11620,11620.00,1882,1882,1882.00
"(9.06667, 38.41667)",1,1415,1415,1415.00,1923,1923,1923.00
"(23.98333, 87.08333)",1,290.4,290.4,290.40,1917,1917,1917.00
"(46.93333, 7.21667)",1,76.5,76.5,76.50,1926,1926,1926.00
"(32.1, 71.8)",1,4239,4239,4239.00,1919,1919,1919.00
"(50.28333, 27.68333)",1,3867,3867,3867.00,1818,1818,1818.00
"(42.9075, -90.36556)",1,3584,3584,3584.00,2010,2010,2010.00
"(26.71667, 82.66667)",1,350,350,350.00,1866,1866,1866.00
"(12.85, 11.03333)",1,4162,4162,4162.00,1984,1984,1984.00
"(18.68333, 83.48333)",1,4500,4500,4500.00,1870,1870,1870.00
"(44.5, 0.15)",1,3000,3000,3000.00,1848,1848,1848.00
"(35.8, -84.1)",1,1443,1443,1443.00,1983,1983,1983.00
"(26.71667, 84.21667)",1,7235,7235,7235.00,1865,1865,1865.00
"(46.0, 13.5)",1,1230,1230,1230.00,1908,1908,1908.00
"(12.85, 76.8)",1,680,680,680.00,1876,1876,1876.00
"(32.11667, 121.8)",1,529,529,529.00,1984,1984,1984.00
"(52.56528, -1.33972)",1,44000,44000,44000.00,1965,1965,1965.00
"(19.0, 97.0)",1,540,540,540.00,1937,1937,1937.00
"(15.36667, 35.68333)",1,12000,12000,12000.00,1994,1994,1994.00
"(-27.25, -67.5)",1,31,31,31.00,1953,1953,1953.00
"(52.45, 51.56667)",1,800,800,800.00,1938,1938,1938.00
"(-6.95, 108.1)",1,1600,1600,1600.00,1979,1979,1979.00
"(39.8, 16.2)",1,15000,15000,15000.00,1583,1583,1583.00
"(-6.91667, 107.6)",1,11500,11500,11500.00,1871,1871,1871.00
"(36.75, -93.5)",1,611,611,611.00,1916,1916,1916.00
"(33.65, 120.06667)",1,605,605,605.00,1976,1976,1976.00
"(-32.5, 23.0)",1,2200,2200,2200.00,1880,1880,1880.00
"(46.81867, 7.21817)",1,28.9,28.9,28.90,1903,1903,1903.00
"(25.1, 81.53333)",1,9700,9700,9700.00,1910,1910,1910.00
"(47.11667, 6.15)",1,6000,6000,6000.00,1868,1868,1868.00
"(47.525, 10.80833)",1,6189,6189,6189.00,2002,2002,2002.00
"(31.31667, 30.35)",1,10000,10000,10000.00,1911,1911,1911.00
"(-19.85, -47.55)",1,20350,20350,20350.00,1965,1965,1965.00
"(35.33333, 51.63333)",1,54000,54000,54000.00,1880,1880,1880.00
"(-20.85001, -41.73356)",1,2500,2500,2500.00,2010,2010,2010.00
"(52.0, 19.91667)",1,59000,59000,59000.00,1935,1935,1935.00
"(43.76111, -84.50778)",1,469,469,469.00,1994,1994,1994.00
"(12.28333, 79.2)",1,4500,4500,4500.00,1886,1886,1886.00
"(43.18111, 13.75333)",1,10200,10200,10200.00,1996,1996,1996.00
"(48.35, 3.25)",1,125,125,125.00,1857,1857,1857.00
"(48.41667, 43.2)",1,8000,8000,8000.00,1843,1843,1843.00
"(41.48472, -87.67917)",1,18000,18000,18000.00,2003,2003,2003.00
"(52.11667, 5.18333)",1,9700,9700,9700.00,1843,1843,1843.00
"(-33.16667, -64.95)",1,780,780,780.00,1902,1902,1902.00
"(41.7, -72.65)",1,350,350,350.00,1971,1971,1971.00
"(32.1025, -81.87278)",1,1455,1455,1455.00,1984,1984,1984.00
"(35.2, 118.8)",1,950,950,950.00,1976,1976,1976.00
"(38.0, 35.0)",1,NULL,NULL,NULL,1949,1949,1949.00
"(32.675, -94.51167)",1,8360,8360,8360.00,1961,1961,1961.00
"(39.0, -0.66667)",1,10750,10750,10750.00,1898,1898,1898.00
"(44.08333, -69.48333)",1,2300,2300,2300.00,1823,1823,1823.00
"(56.5, 21.5)",1,10250,10250,10250.00,1864,1864,1864.00
"(23.05, 72.63333)",1,NULL,NULL,NULL,1842,1842,1842.00
"(43.15, -0.85)",1,4000,4000,4000.00,1868,1868,1868.00
"(43.2, -79.61667)",1,215,215,215.00,2009,2009,2009.00
"(23.36667, 75.18333)",1,560,560,560.00,1863,1863,1863.00
"(36.16667, -87.33333)",1,4300,4300,4300.00,1835,1835,1835.00
"(55.3, 25.0)",1,44100,44100,44100.00,1933,1933,1933.00
"(22.83333, 4.98333)",1,150,150,150.00,1947,1947,1947.00
"(56.63333, 39.43333)",1,66000,66000,66000.00,1933,1933,1933.00
"(26.45, 82.9)",1,3766,3766,3766.00,1940,1940,1940.00
"(-23.11667, -65.1)",1,1430,1430,1430.00,1988,1988,1988.00
"(36.78333, -78.08333)",1,6067,6067,6067.00,1924,1924,1924.00
"(45.26667, 10.15)",1,228000,228000,228000.00,1883,1883,1883.00
"(14.88333, 75.6)",1,1800,1800,1800.00,1848,1848,1848.00
"(43.73333, 1.38333)",1,14000,14000,14000.00,1914,1914,1914.00
"(54.13667, -0.41333)",1,25000,25000,25000.00,1795,1795,1795.00
"(-6.73333, 111.36667)",1,10000,10000,10000.00,1919,1919,1919.00
"(23.15, 91.18333)",1,37350,37350,37350.00,1935,1935,1935.00
"(35.61667, 8.83333)",1,18000,18000,18000.00,1981,1981,1981.00
"(21.83333, 111.83333)",1,20000,20000,20000.00,1954,1954,1954.00
"(44.65, 11.01667)",1,2000,2000,2000.00,1766,1766,1766.00
"(23.08333, 91.66667)",1,478,478,478.00,1999,1999,1999.00
"(23.325, 91.0)",1,23474,23474,23474.00,1935,1935,1935.00
"(34.5, -88.66667)",1,345,345,345.00,1922,1922,1922.00
"(16.83333, 80.75)",1,1303.8,1303.8,1303.80,1997,1997,1997.00
"(-33.75, 18.56667)",1,1000,1000,1000.00,1906,1906,1906.00
"(-27.7, 27.3)",1,3650,3650,3650.00,1877,1877,1877.00
"(25.45, 70.0)",1,594,594,594.00,1915,1915,1915.00
"(33.18836, -86.2945)",1,5560,5560,5560.00,1954,1954,1954.00
"(53.53333, -7.33333)",1,NULL,NULL,NULL,1779,1779,1779.00
"(38.11667, -1.16667)",1,144000,144000,144000.00,1858,1858,1858.00
"(47.16667, 0.43333)",1,3000,3000,3000.00,1845,1845,1845.00
"(21.16667, -100.86667)",1,1200,1200,1200.00,1844,1844,1844.00
"(-6.83333, 29.5)",1,950,950,950.00,1951,1951,1951.00
"(51.15, 31.7)",1,2250,2250,2250.00,1938,1938,1938.00
"(12.91667, 11.91667)",1,725,725,725.00,1950,1950,1950.00
"(17.17493, -11.34133)",1,3599,3599,3599.00,2011,2011,2011.00
"(4.66667, 29.25)",1,3200,3200,3200.00,1941,1941,1941.00
"(56.18333, 10.23333)",1,720,720,720.00,1951,1951,1951.00
"(44.38333, -68.75)",1,94,94,94.00,1848,1848,1848.00
"(40.5, -80.08333)",1,762,762,762.00,1886,1886,1886.00
"(13.78333, 78.56667)",1,28,28,28.00,1814,1814,1814.00
"(36.06333, 140.145)",1,800,800,800.00,1996,1996,1996.00
"(55.66667, 25.0)",1,3858,3858,3858.00,1929,1929,1929.00
"(39.35, -100.45)",1,266.1,266.1,266.10,1963,1963,1963.00
"(24.5, 90.21667)",1,4703,4703,4703.00,1924,1924,1924.00
"(1.16667, 44.16667)",1,20000,20000,20000.00,1889,1889,1889.00
"(-19.81667, -48.78333)",1,40000,40000,40000.00,1903,1903,1903.00
"(48.15, 24.28333)",1,7000,7000,7000.00,1852,1852,1852.00
"(34.71667, 137.78333)",1,695,695,695.00,1688,1688,1688.00
"(20.96667, 76.1)",1,50,50,50.00,1843,1843,1843.00
"(0.26667, 36.53333)",1,67,67,67.00,1934,1934,1934.00
"(52.0, 9.1)",1,17,17,17.00,1886,1886,1886.00
"(31.95, -83.51667)",1,3760,3760,3760.00,1921,1921,1921.00
"(39.77978, 64.60035)",1,5300,5300,5300.00,2001,2001,2001.00
"(8.06667, 124.28333)",1,2130,2130,2130.00,1938,1938,1938.00
"(20.33916, 73.22329)",1,1600,1600,1600.00,2004,2004,2004.00
"(35.08333, 135.2)",1,4742,4742,4742.00,1904,1904,1904.00
"(29.45, -96.0)",1,6937,6937,6937.00,1939,1939,1939.00
"(35.03333, -81.88333)",1,8400,8400,8400.00,1933,1933,1933.00
"(26.96667, -105.31667)",1,2000000,2000000,2000000.00,1969,1969,1969.00
"(50.95, 31.81667)",1,9251,9251,9251.00,1900,1900,1900.00
"(25.14333, 75.81333)",1,6800,6800,6800.00,2006,2006,2006.00
"(26.75, 84.78333)",1,6930,6930,6930.00,1853,1853,1853.00
"(28.01667, 75.81667)",1,100,100,100.00,1867,1867,1867.00
"(24.68333, -101.68333)",1,4000,4000,4000.00,1885,1885,1885.00
"(46.21667, 5.0)",1,14000,14000,14000.00,1753,1753,1753.00
"(55.0, 35.0)",1,2750,2750,2750.00,1818,1818,1818.00
"(38.5, 27.0)",1,8,8,8.00,1902,1902,1902.00
"(46.23333, 17.53333)",1,224.2,224.2,224.20,1944,1944,1944.00
"(-7.75, 111.53333)",1,400,400,400.00,1935,1935,1935.00
"(56.8, 77.0)",1,845.2,845.2,845.20,1906,1906,1906.00
"(44.41667, 23.5)",1,958,958,958.00,1927,1927,1927.00
"(-7.25, 107.7)",1,1303,1303,1303.00,1939,1939,1939.00
"(-7.45, 111.41667)",1,1393,1393,1393.00,1883,1883,1883.00
"(34.45, 132.38333)",1,414,414,414.00,2003,2003,2003.00
"(32.86667, 10.8)",1,19000,19000,19000.00,2001,2001,2001.00
"(36.21667, -92.26667)",1,1050,1050,1050.00,1918,1918,1918.00
"(35.43333, 136.23333)",1,905,905,905.00,1918,1918,1918.00
"(52.66667, -6.96667)",1,271.4,271.4,271.40,1999,1999,1999.00
"(20.4625, 86.70278)",1,6669.2,6669.2,6669.20,2003,2003,2003.00
"(52.996, -109.84817)",1,41000,41000,41000.00,2008,2008,2008.00
"(12.73333, 15.05)",1,3950,3950,3950.00,1961,1961,1961.00
"(51.65, -1.51667)",1,29000,29000,29000.00,1628,1628,1628.00
"(28.95, 0.81667)",1,1250,1250,1250.00,1890,1890,1890.00
"(50.58333, 11.1)",1,870,870,870.00,1897,1897,1897.00
"(34.48333, -87.83333)",1,650,650,650.00,1868,1868,1868.00
"(48.76667, 0.63333)",1,37000,37000,37000.00,1803,1803,1803.00
"(44.51667, 39.3)",1,23,23,23.00,1977,1977,1977.00
"(32.33333, 120.66667)",1,5500,5500,5500.00,1952,1952,1952.00
"(46.16, 134.65333)",1,23000000,23000000,23000000.00,1947,1947,1947.00
"(9.5, 31.75)",1,2000,2000,2000.00,1970,1970,1970.00
"(47.88333, 22.03333)",1,3750,3750,3750.00,1900,1900,1900.00
"(21.86667, 76.03333)",1,212.5,212.5,212.50,1910,1910,1910.00
"(19.25, 77.0)",1,17000,17000,17000.00,1928,1928,1928.00
"(54.66667, -7.66667)",1,140,140,140.00,1844,1844,1844.00
"(25.8, 88.45)",1,842,842,842.00,1882,1882,1882.00
"(50.3, 8.91667)",1,112,112,112.00,1877,1877,1877.00
"(30.7, -96.11667)",1,2085,2085,2085.00,1930,1930,1930.00
"(39.08333, -89.15)",1,1770.5,1770.5,1770.50,1938,1938,1938.00
"(39.75, 46.66667)",1,27000,27000,27000.00,1891,1891,1891.00
"(50.625, 35.075)",1,1500,1500,1500.00,1787,1787,1787.00
"(45.82133, 6.01533)",1,252,252,252.00,2002,2002,2002.00
"(30.125, -103.11667)",1,70000,70000,70000.00,1946,1946,1946.00
"(58.2, 82.93333)",1,3973,3973,3973.00,1936,1936,1936.00
"(52.03333, 20.93583)",1,15500,15500,15500.00,1994,1994,1994.00
"(61.3, 12.3)",1,640,640,640.00,1927,1927,1927.00
"(46.25, -1.1)",1,1500,1500,1500.00,1837,1837,1837.00
"(55.46667, 35.86667)",1,500,500,500.00,1812,1812,1812.00
"(53.7, 30.1)",1,6000,6000,6000.00,1964,1964,1964.00
"(53.58333, -2.71667)",1,15000,15000,15000.00,1914,1914,1914.00
"(28.71667, 116.61667)",1,4800,4800,4800.00,1931,1931,1931.00
"(26.78333, 82.71667)",1,900,900,900.00,1955,1955,1955.00
"(44.61667, 126.13333)",1,17450,17450,17450.00,1990,1990,1990.00
"(-15.21222, 35.24222)",1,93200,93200,93200.00,1981,1981,1981.00
"(47.7, 1.06667)",1,51700,51700,51700.00,1872,1872,1872.00
"(42.91667, 102.46667)",1,250,250,250.00,1933,1933,1933.00
"(42.3, 0.55)",1,400,400,400.00,1871,1871,1871.00
"(16.0, 36.0)",1,3200,3200,3200.00,1932,1932,1932.00
"(19.08333, 8.38333)",1,24000,24000,24000.00,1925,1925,1925.00
"(52.28333, 8.05)",1,1400,1400,1400.00,1927,1927,1927.00
"(27.66667, 95.78333)",1,70500,70500,70500.00,2007,2007,2007.00
"(38.7, -90.23333)",1,1000,1000,1000.00,1950,1950,1950.00
"(49.6, 18.53333)",1,633,633,633.00,2000,2000,2000.00
"(19.96722, -103.05167)",1,5000,5000,5000.00,1993,1993,1993.00
"(21.68389, 79.50083)",1,20000,20000,20000.00,1966,1966,1966.00
"(37.1, 118.4)",1,1900,1900,1900.00,1980,1980,1980.00
"(44.21667, 0.61667)",1,30000,30000,30000.00,1814,1814,1814.00
"(43.88333, 1.38333)",1,14000,14000,14000.00,1864,1864,1864.00
"(33.13333, 115.16667)",1,14250,14250,14250.00,1987,1987,1987.00
"(45.48333, 9.51667)",1,103.3,103.3,103.30,1490,1490,1490.00
"(50.66694, 8.18361)",1,1500,1500,1500.00,1956,1956,1956.00
"(31.6, 65.78333)",1,299,299,299.00,1959,1959,1959.00
"(51.68333, 30.78333)",1,5000,5000,5000.00,1995,1995,1995.00
"(31.805, -97.01)",1,9500,9500,9500.00,2009,2009,2009.00
"(49.86667, 30.83333)",1,1900,1900,1900.00,1908,1908,1908.00
"(46.71667, 23.5)",1,21000,21000,21000.00,1937,1937,1937.00
"(54.4, 10.15)",1,737.6,737.6,737.60,1962,1962,1962.00
"(32.23333, 76.46667)",1,32000,32000,32000.00,1860,1860,1860.00
"(45.13333, 21.66667)",1,577,577,577.00,1858,1858,1858.00
"(28.225, 70.2)",1,67225,67225,67225.00,1983,1983,1983.00
"(55.43333, 53.25)",1,200000,200000,200000.00,1937,1937,1937.00
"(38.0, -0.83333)",1,25,25,25.00,1894,1894,1894.00
"(26.98333, 78.21667)",1,20,20,20.00,1875,1875,1875.00
"(27.66667, 78.25)",1,6400,6400,6400.00,1895,1895,1895.00
"(21.66667, -103.36667)",1,30000,30000,30000.00,1975,1975,1975.00
"(30.3, 76.63333)",1,13200,13200,13200.00,1815,1815,1815.00
"(-29.46667, 151.61667)",1,127,127,127.00,1900,1900,1900.00
"(42.45833, 18.44167)",1,1900,1900,1900.00,1951,1951,1951.00
"(41.28333, -73.91667)",1,12570,12570,12570.00,1992,1992,1992.00
"(26.46469, 106.63241)",1,1600,1600,1600.00,2010,2010,2010.00
"(19.38333, 43.73333)",1,2500,2500,2500.00,1967,1967,1967.00
"(27.08333, 84.08333)",1,29000,29000,29000.00,1861,1861,1861.00
"(58.85, 16.73333)",1,2300,2300,2300.00,1947,1947,1947.00
"(39.56667, -2.1)",1,40000,40000,40000.00,1929,1929,1929.00
"(-3.5, 35.58333)",1,2220,2220,2220.00,1963,1963,1963.00
"(31.41667, 118.5)",1,665,665,665.00,1933,1933,1933.00
"(26.8, 82.53333)",1,1000,1000,1000.00,1878,1878,1878.00
"(33.43333, 127.26667)",1,2117,2117,2117.00,1943,1943,1943.00
"(24.45, 78.56667)",1,372,372,372.00,1887,1887,1887.00
"(38.18333, -5.4)",1,5850,5850,5850.00,1926,1926,1926.00
"(43.35, 11.5)",1,NULL,NULL,NULL,1791,1791,1791.00
"(43.86667, 5.38333)",1,3200,3200,3200.00,1803,1803,1803.00
"(40.81056, 140.78556)",1,320,320,320.00,1984,1984,1984.00
"(-29.2, -51.86667)",1,400,400,400.00,1873,1873,1873.00
"(27.88333, 68.53333)",1,380,380,380.00,1917,1917,1917.00
"(44.6, 5.13333)",1,1300,1300,1300.00,1875,1875,1875.00
"(45.96861, -72.97806)",1,25400,25400,25400.00,1994,1994,1994.00
"(23.69639, -5.01472)",1,100000,100000,100000.00,2007,2007,2007.00
"(48.11667, -3.08333)",1,80000,80000,80000.00,1869,1869,1869.00
"(-23.38333, 150.51667)",1,1641,1641,1641.00,1895,1895,1895.00
"(21.95, 78.03333)",1,8600,8600,8600.00,1894,1894,1894.00
"(32.95, 10.41667)",1,12000,12000,12000.00,1931,1931,1931.00
"(43.58333, -89.6)",1,772,772,772.00,1911,1911,1911.00
"(26.58333, 85.56667)",1,2700,2700,2700.00,1880,1880,1880.00
"(50.2, 30.25)",1,2568,2568,2568.00,1955,1955,1955.00
"(32.33333, 114.31667)",1,75500,75500,75500.00,1977,1977,1977.00
"(-19.53333, -48.56667)",1,2121,2121,2121.00,1950,1950,1950.00
"(29.48333, 75.5)",1,12000,12000,12000.00,1834,1834,1834.00
"(52.45, 78.63333)",1,3996,3996,3996.00,1935,1935,1935.00
"(31.47556, 113.56694)",1,23000,23000,23000.00,1945,1945,1945.00
"(45.29167, 11.52722)",1,177,177,177.00,1971,1971,1971.00
"(-29.45, 26.76667)",1,807,807,807.00,1933,1933,1933.00
"(13.85, -4.38333)",1,37500,37500,37500.00,1900,1900,1900.00
"(-1.87089, -79.95756)",1,6580,6580,6580.00,2008,2008,2008.00
"(32.79732, 21.78713)",1,4000,4000,4000.00,2006,2006,2006.00
"(47.85, 0.48333)",1,3500,3500,3500.00,1768,1768,1768.00
"(38.66667, 116.13333)",1,355,355,355.00,1916,1916,1916.00
"(52.2, 6.86667)",1,670,670,670.00,1990,1990,1990.00
"(52.55, 46.55)",1,200000,200000,200000.00,1918,1918,1918.00
"(42.51667, 12.51667)",1,NULL,NULL,NULL,920,920,920.00
"(51.66667, 9.25)",1,117.8,117.8,117.80,1953,1953,1953.00
"(61.18333, 22.68333)",1,14000,14000,14000.00,1901,1901,1901.00
"(36.48333, -90.66667)",1,3500,3500,3500.00,1924,1924,1924.00
"(20.93333, -101.38333)",1,1710,1710,1710.00,1995,1995,1995.00
"(43.48333, 118.61667)",1,18000,18000,18000.00,1914,1914,1914.00
"(40.93333, -79.73333)",1,303,303,303.00,1938,1938,1938.00
"(-31.18333, -57.95)",1,3050,3050,3050.00,1928,1928,1928.00
"(49.78333, 30.16667)",1,1850,1850,1850.00,1796,1796,1796.00
"(34.8, 111.7)",1,1100,1100,1100.00,1980,1980,1980.00
"(41.266667, -73.266667)",1,150000,150000,150000.00,1807,1807,1807.00
"(66.13889, 124.76667)",1,113.4,113.4,113.40,1986,1986,1986.00
"(49.66667, 14.03333)",1,5555,5555,5555.00,1959,1959,1959.00
"(45.34583, -92.05167)",1,89.3,89.3,89.30,1996,1996,1996.00
"(34.5, 133.75)",1,600,600,600.00,1916,1916,1916.00
"(49.98333, 7.53333)",1,1222,1222,1222.00,1920,1920,1920.00
"(20.16667, -105.21667)",1,900,900,900.00,1879,1879,1879.00
"(-19.13333, -51.66667)",1,100000,100000,100000.00,1956,1956,1956.00
"(48.53333, -0.86667)",1,780,780,780.00,1845,1845,1845.00
"(44.9, -90.28333)",1,104000,104000,104000.00,1917,1917,1917.00
"(38.47028, -105.24139)",1,1400,1400,1400.00,1973,1973,1973.00
"(22.37778, 71.42722)",1,45000,45000,45000.00,1976,1976,1976.00
"(34.9, -110.18333)",1,220000,220000,220000.00,1912,1912,1912.00
"(12.38333, 78.51667)",1,350,350,350.00,1890,1890,1890.00
"(13.05, 3.16667)",1,1250,1250,1250.00,1962,1962,1962.00
"(-19.46667, -44.21667)",1,350,350,350.00,1908,1908,1908.00
"(41.63333, 0.75)",1,5000,5000,5000.00,1851,1851,1851.00
"(-26.66667, -65.45)",1,5000,5000,5000.00,1957,1957,1957.00
"(33.725, 130.75)",1,472,472,472.00,860,860,860.00
"(54.56667, -1.16667)",1,1600,1600,1600.00,1881,1881,1881.00
"(29.68333, 78.38333)",1,5,5,5.00,1860,1860,1860.00
"(28.78333, 78.83333)",1,70,70,70.00,1808,1808,1808.00
"(13.48333, 74.78333)",1,3600,3600,3600.00,1866,1866,1866.00
"(13.71111, 45.17)",1,5700,5700,5700.00,2000,2000,2000.00
"(-32.36667, -59.83333)",1,4000,4000,4000.00,1879,1879,1879.00
"(48.11667, 10.46667)",1,8000,8000,8000.00,1846,1846,1846.00
"(26.66667, 50.15)",1,6.1,6.1,6.10,1961,1961,1961.00
"(35.53333, 136.88333)",1,14290,14290,14290.00,1909,1909,1909.00
"(33.75, 51.5)",1,2700,2700,2700.00,1974,1974,1974.00
"(-7.21667, 29.43333)",1,NULL,NULL,NULL,1951,1951,1951.00
"(35.88333, -99.33333)",1,51500,51500,51500.00,1943,1943,1943.00
"(48.06667, 30.96667)",1,8000,8000,8000.00,1889,1889,1889.00
"(-7.71667, 111.2)",1,32490,32490,32490.00,1984,1984,1984.00
"(46.93333, 21.5)",1,552,552,552.00,1875,1875,1875.00
"(50.95, 7.31667)",1,240,240,240.00,1900,1900,1900.00
"(50.53806, 16.26333)",1,815.3,815.3,815.30,1969,1969,1969.00
"(11.63333, 24.68333)",1,67.4,67.4,67.40,1967,1967,1967.00
"(29.53333, 72.3)",1,13600,13600,13600.00,1873,1873,1873.00
"(51.93333, 15.5)",1,1000,1000,1000.00,1841,1841,1841.00
"(-6.66667, 106.58333)",1,16500,16500,16500.00,1922,1922,1922.00
"(11.33333, 10.08333)",1,1500,1500,1500.00,1999,1999,1999.00
"(54.23333, 52.48333)",1,1342,1342,1342.00,1930,1930,1930.00
"(36.8, -108.0)",1,2830,2830,2830.00,1938,1938,1938.00
"(34.72, 137.305)",1,1000,1000,1000.00,1991,1991,1991.00
"(41.2, -73.13333)",1,50,50,50.00,1974,1974,1974.00
"(36.18333, 139.21667)",1,194,194,194.00,1958,1958,1958.00
"(35.73333, 139.75)",1,238,238,238.00,1926,1926,1926.00
"(-3.4, -44.33333)",1,2024,2024,2024.00,1879,1879,1879.00
"(-31.535556, -68.489444)",1,4000,4000,4000.00,2008,2008,2008.00
"(34.4, -87.06667)",1,2000,2000,2000.00,1868,1868,1868.00
"(13.63333, 79.41667)",1,230,230,230.00,1934,1934,1934.00
"(40.0, -81.76667)",1,230000,230000,230000.00,1860,1860,1860.00
"(46.68333, 1.05)",1,31500,31500,31500.00,1812,1812,1812.00
"(52.26667, 32.85)",1,700,700,700.00,1900,1900,1900.00
"(-7.08333, 111.53333)",1,20000,20000,20000.00,1869,1869,1869.00
"(30.80833, 109.5)",1,600000,600000,600000.00,1890,1890,1890.00
"(35.3, -86.63333)",1,1800,1800,1800.00,1855,1855,1855.00
"(24.41667, 39.51667)",1,160,160,160.00,1957,1957,1957.00
"(45.68333, 15.6)",1,1708,1708,1708.00,1868,1868,1868.00
"(52.13333, 59.31667)",1,219,219,219.00,1933,1933,1933.00
"(46.88333, -102.31667)",1,90000,90000,90000.00,1918,1918,1918.00
"(-8.41667, 32.43333)",1,704.5,704.5,704.50,1938,1938,1938.00
"(41.9, -91.6)",1,28400,28400,28400.00,1847,1847,1847.00
"(45.2, 8.5)",1,9150,9150,9150.00,1868,1868,1868.00
"(12.66667, 78.03333)",1,110000,110000,110000.00,2008,2008,2008.00
"(39.68333, -99.86667)",1,1100000,1100000,1100000.00,1948,1948,1948.00
"(50.75, 33.5)",1,6000,6000,6000.00,1811,1811,1811.00
"(42.38333, -2.5)",1,3200,3200,3200.00,1842,1842,1842.00
"(52.95, 8.16667)",1,16570,16570,16570.00,1930,1930,1930.00
"(-17.65, 31.6)",1,22300,22300,22300.00,1934,1934,1934.00
"(38.13742, -119.75812)",1,18.41,18.41,18.41,2007,2007,2007.00
"(36.1, -81.41667)",1,220,220,220.00,1889,1889,1889.00
"(17.74333, 120.45583)",1,515,515,515.00,1910,1910,1910.00
"(-11.5, 33.5)",1,1100,1100,1100.00,1944,1944,1944.00
"(50.36667, 4.73333)",1,2000,2000,2000.00,1896,1896,1896.00
"(50.83333, 34.0)",1,1700,1700,1700.00,1939,1939,1939.00
"(33.6, 130.43333)",1,750,750,750.00,1897,1897,1897.00
"(50.75, 25.3)",1,1600,1600,1600.00,1864,1864,1864.00
"(35.07833, 136.93333)",1,1040,1040,1040.00,1632,1632,1632.00
"(56.0, 22.0)",1,1001,1001,1001.00,1908,1908,1908.00
"(35.66667, 115.5)",1,180,180,180.00,1956,1956,1956.00
"(52.76667, -2.51667)",1,3500,3500,3500.00,1876,1876,1876.00
"(59.73333, 10.86667)",1,850,850,850.00,1848,1848,1848.00
"(47.47083, 0.97667)",1,4000,4000,4000.00,1978,1978,1978.00
"(39.66667, 122.98333)",1,2900,2900,2900.00,1976,1976,1976.00
"(24.3, -13.1)",1,17000,17000,17000.00,2003,2003,2003.00
"(32.3, 112.75)",1,14250,14250,14250.00,1984,1984,1984.00
"(51.53333, 14.88333)",1,NULL,NULL,NULL,1636,1636,1636.00
"(33.88333, 35.5)",1,1100,1100,1100.00,1921,1921,1921.00
"(41.08333, -86.28333)",1,340,340,340.00,1876,1876,1876.00
"(61.65, 27.2)",1,17000,17000,17000.00,1910,1910,1910.00
"(2.88333, 30.83333)",1,500,500,500.00,1957,1957,1957.00
"(17.9, 101.63333)",1,367,367,367.00,1981,1981,1981.00
"(38.5, -8.0)",1,4500,4500,4500.00,1796,1796,1796.00
"(45.3, 0.23333)",1,271000,271000,271000.00,1966,1966,1966.00
"(32.94667, 118.99)",1,2232,2232,2232.00,1986,1986,1986.00
"(11.65, -2.18333)",1,NULL,NULL,NULL,1960,1960,1960.00
"(12.76667, 9.8)",1,19000,19000,19000.00,2002,2002,2002.00
"(-13.66667, 33.91667)",1,642,642,642.00,1976,1976,1976.00
"(26.75, 68.41667)",1,973,973,973.00,1926,1926,1926.00
"(47.7, 16.6)",1,550,550,550.00,1905,1905,1905.00
"(41.36667, 2.16667)",1,NULL,NULL,NULL,1704,1704,1704.00
"(14.0, 28.0)",1,100000,100000,100000.00,1983,1983,1983.00
"(38.74028, -7.27)",1,25250,25250,25250.00,1968,1968,1968.00
"(51.83333, 26.83333)",1,246,246,246.00,1858,1858,1858.00
"(20.93694, 82.05)",1,4375,4375,4375.00,1969,1969,1969.00
"(-6.03333, 145.36667)",1,7330,7330,7330.00,1975,1975,1975.00
"(56.75, 75.33333)",1,6109,6109,6109.00,1929,1929,1929.00
"(32.08333, 76.3)",1,400,400,400.00,1897,1897,1897.00
"(25.9, 83.61667)",1,350,350,350.00,1827,1827,1827.00
"(-28.66667, 18.91667)",1,66,66,66.00,1932,1932,1932.00
"(38.4, -84.25)",1,6000,6000,6000.00,1877,1877,1877.00
"(46.6, 0.25)",1,65,65,65.00,1851,1851,1851.00
"(40.3, 44.5)",1,107.2,107.2,107.20,1911,1911,1911.00
"(11.58333, 104.91667)",1,96,96,96.00,1868,1868,1868.00
"(38.5, -101.1)",1,35000,35000,35000.00,1905,1905,1905.00
"(29.94718, -90.10976)",1,19256,19256,19256.00,2003,2003,2003.00
"(-30.11667, 28.7)",1,7000,7000,7000.00,1925,1925,1925.00
"(44.97917, -122.96944)",1,61.4,61.4,61.40,1981,1981,1981.00
"(55.2, 75.33333)",1,4047,4047,4047.00,1932,1932,1932.00
"(51.75, 4.0)",1,1470,1470,1470.00,1925,1925,1925.00
"(53.66667, 55.98333)",1,325000,325000,325000.00,1990,1990,1990.00
"(13.46667, 31.21667)",1,1700,1700,1700.00,1966,1966,1966.00
"(27.13333, 84.06667)",1,72.9,72.9,72.90,1960,1960,1960.00
"(48.6, 45.66667)",1,7000,7000,7000.00,1933,1933,1933.00
"(41.71667, -0.05)",1,4000,4000,4000.00,1773,1773,1773.00
"(36.21667, -103.4)",1,5100,5100,5100.00,1933,1933,1933.00
"(27.28333, 79.05)",1,1100,1100,1100.00,1885,1885,1885.00
"(23.1, 87.3)",1,4000,4000,4000.00,1850,1850,1850.00
"(37.91667, -92.08333)",1,491,491,491.00,1839,1839,1839.00
"(37.86667, 27.51667)",1,5000,5000,5000.00,1899,1899,1899.00
"(30.33333, 76.33333)",1,100,100,100.00,1822,1822,1822.00
"(45.4, 122.9)",1,3850,3850,3850.00,1965,1965,1965.00
"(20.83333, 71.46667)",1,100,100,100.00,1893,1893,1893.00
"(49.975, 16.375)",1,1269,1269,1269.00,1963,1963,1963.00
"(39.75, -97.03333)",1,89400,89400,89400.00,1890,1890,1890.00
"(35.55, -77.53333)",1,56000,56000,56000.00,1934,1934,1934.00
"(-30.88333, -64.55)",1,750,750,750.00,1934,1934,1934.00
"(15.78333, -5.9)",1,29560,29560,29560.00,2006,2006,2006.00
"(2.71667, 32.83333)",1,134,134,134.00,1968,1968,1968.00
"(56.0, 26.43333)",1,5213,5213,5213.00,1820,1820,1820.00
"(47.83333, 30.76667)",1,50000,50000,50000.00,1946,1946,1946.00
"(47.93333, 2.91667)",1,30000,30000,30000.00,1841,1841,1841.00
"(39.24667, -104.58817)",1,680.5,680.5,680.50,1998,1998,1998.00
"(45.06667, 7.66667)",1,977,977,977.00,1988,1988,1988.00
"(43.41667, -94.83333)",1,320000,320000,320000.00,1879,1879,1879.00
"(-28.2, 24.56667)",1,1064,1064,1064.00,1868,1868,1868.00
"(34.16667, 131.45)",1,0.1,0.1,0.10,1928,1928,1928.00
"(42.25, 59.2)",1,1100000,1100000,1100000.00,1998,1998,1998.00
"(47.31667, 35.36667)",1,1472,1472,1472.00,1936,1936,1936.00
"(40.35, -104.9)",1,40300,40300,40300.00,1924,1924,1924.00
"(39.11667, -83.85)",1,900,900,900.00,1893,1893,1893.00
"(26.50833, 73.11528)",1,678,678,678.00,2002,2002,2002.00
"(51.05, 3.75)",1,700,700,700.00,1855,1855,1855.00
"(56.13333, -117.93333)",1,45760,45760,45760.00,1963,1963,1963.00
"(35.56833, 133.22)",1,6380,6380,6380.00,1992,1992,1992.00
"(27.33333, 35.66667)",1,6100,6100,6100.00,1910,1910,1910.00
"(40.30583, -105.02325)",1,960,960,960.00,2004,2004,2004.00
"(-27.75, 115.83333)",1,36000,36000,36000.00,1960,1960,1960.00
"(41.98444, 59.685)",1,7000,7000,7000.00,1998,1998,1998.00
"(41.71056, -72.67361)",1,2756,2756,2756.00,1982,1982,1982.00
"(30.9, 32.48333)",1,1455,1455,1455.00,1916,1916,1916.00
"(-3.0, 151.0)",1,188,188,188.00,1933,1933,1933.00
"(-33.0, -66.0)",1,810,810,810.00,1954,1954,1954.00
"(54.81667, 61.11667)",1,100000,100000,100000.00,2013,2013,2013.00
"(50.2, 14.85)",1,12800,12800,12800.00,1808,1808,1808.00
"(48.9, 22.4)",1,500000,500000,500000.00,1866,1866,1866.00
"(47.5, 83.0)",1,463,463,463.00,1963,1963,1963.00
"(35.63333, -78.13333)",1,167,167,167.00,1892,1892,1892.00
"(40.0, -99.25)",1,57900,57900,57900.00,1901,1901,1901.00
"(-4.0, 39.5)",1,577,577,577.00,1853,1853,1853.00
"(36.4, -86.5)",1,5000,5000,5000.00,1827,1827,1827.00
"(17.71067, -11.3715)",1,190,190,190.00,2003,2003,2003.00
"(-30.86667, -64.55)",1,1440,1440,1440.00,1920,1920,1920.00
"(52.76667, 21.26667)",1,250000,250000,250000.00,1868,1868,1868.00
"(-15.18333, 35.28333)",1,7500,7500,7500.00,1899,1899,1899.00
"(32.21667, -104.0)",1,150,150,150.00,1933,1933,1933.00
"(39.7, 105.8)",1,20500,20500,20500.00,1979,1979,1979.00
"(40.48, -89.00417)",1,67.8,67.8,67.80,1938,1938,1938.00
"(60.0, 5.61667)",1,19860,19860,19860.00,1884,1884,1884.00
"(42.45, 73.36667)",1,3500,3500,3500.00,1937,1937,1937.00
"(44.24417, 11.50222)",1,13.1,13.1,13.10,1968,1968,1968.00
"(37.60833, -8.28)",1,20000,20000,20000.00,1998,1998,1998.00
"(61.5, 30.5)",1,45000,45000,45000.00,1902,1902,1902.00
"(36.23333, 37.13333)",1,3200,3200,3200.00,1873,1873,1873.00
"(43.21667, -0.23333)",1,2000,2000,2000.00,1859,1859,1859.00
"(-30.78333, -58.05)",1,18300,18300,18300.00,1933,1933,1933.00
"(35.95, -97.58333)",1,78.4,78.4,78.40,1936,1936,1936.00
"(55.7, 24.4)",1,30,30,30.00,1877,1877,1877.00
"(58.5, 23.0)",1,6000,6000,6000.00,1855,1855,1855.00
"(14.15083, -2.04167)",1,NULL,NULL,NULL,2000,2000,2000.00
"(33.28333, 130.2)",1,14360,14360,14360.00,1741,1741,1741.00
"(-22.25, -49.93333)",1,2500,2500,2500.00,1971,1971,1971.00
"(49.86667, 8.65)",1,100,100,100.00,1804,1804,1804.00
"(50.38333, -3.95)",1,10400,10400,10400.00,1623,1623,1623.00
"(48.16667, 22.30833)",1,1550,1550,1550.00,1914,1914,1914.00
"(13.5, -0.68333)",1,288,288,288.00,1972,1972,1972.00
"(46.18333, 16.1)",1,10000,10000,10000.00,1842,1842,1842.00
"(48.28333, 38.08333)",1,3618,3618,3618.00,1974,1974,1974.00
"(-28.56667, 30.7)",1,17200,17200,17200.00,1912,1912,1912.00
"(-8.38333, -36.76667)",1,1800,1800,1800.00,1923,1923,1923.00
"(48.76367, 21.17633)",1,4300,4300,4300.00,2010,2010,2010.00
"(25.66667, 74.86667)",1,2462,2462,2462.00,1921,1921,1921.00
"(-8.93333, 33.8)",1,1300,1300,1300.00,1954,1954,1954.00
"(32.91667, 120.78333)",1,5500,5500,5500.00,1970,1970,1970.00
"(-16.66444, -69.04389)",1,342,342,342.00,2007,2007,2007.00
"(38.01667, -8.25)",1,4885,4885,4885.00,1950,1950,1950.00
"(14.052, 0.42)",1,189,189,189.00,1995,1995,1995.00
"(25.25417, 80.625)",1,1280,1280,1280.00,1920,1920,1920.00
"(36.75, 114.25)",1,50000,50000,50000.00,1986,1986,1986.00
"(39.8, -91.5)",1,135,135,135.00,1926,1926,1926.00
"(24.16667, 87.76667)",1,100,100,100.00,1916,1916,1916.00
"(-7.75, 112.01667)",1,3300,3300,3300.00,1940,1940,1940.00
"(52.45972, -0.3)",1,767,767,767.00,1991,1991,1991.00
"(44.61667, -70.75)",1,3200,3200,3200.00,1898,1898,1898.00
"(38.6, -95.21667)",1,840,840,840.00,1896,1896,1896.00
"(13.76667, 5.3)",1,560,560,560.00,1923,1923,1923.00
"(34.3, 133.95)",1,11510,11510,11510.00,1986,1986,1986.00
"(42.86083, -73.95028)",1,283.3,283.3,283.30,1968,1968,1968.00
"(48.18333, 13.13333)",1,19000,19000,19000.00,1768,1768,1768.00
"(11.73333, 7.08333)",1,18000,18000,18000.00,1962,1962,1962.00
"(-26.1, -49.8)",1,1310,1310,1310.00,1934,1934,1934.00
"(14.5, 76.5)",1,72,72,72.00,1880,1880,1880.00
"(35.86667, 139.4)",1,430,430,430.00,1986,1986,1986.00
"(22.98333, 76.05)",1,2449,2449,2449.00,1982,1982,1982.00
"(44.51667, -83.95)",1,10600,10600,10600.00,1921,1921,1921.00
"(52.53333, 9.05)",1,NULL,NULL,NULL,1647,1647,1647.00
"(34.31667, -96.15)",1,1384.2,1384.2,1384.20,1945,1945,1945.00
"(58.47333, 8.86667)",1,357.4,357.4,357.40,1950,1950,1950.00
"(43.46667, 25.51667)",1,2968,2968,2968.00,1966,1966,1966.00
"(38.5, -94.3)",1,5070,5070,5070.00,1932,1932,1932.00
"(9.0, 39.0)",1,166.4,166.4,166.40,1964,1964,1964.00
"(42.52, -82.26)",1,47700,47700,47700.00,1939,1939,1939.00
"(-7.03333, -40.16667)",1,23680,23680,23680.00,1991,1991,1991.00
"(32.925, 105.90667)",1,4610,4610,4610.00,1983,1983,1983.00
"(54.03333, 40.9)",1,2440,2440,2440.00,1829,1829,1829.00
"(52.28333, 7.7)",1,2000,2000,2000.00,1870,1870,1870.00
"(31.96185, -110.434183)",1,2138.74,2138.74,2138.74,2009,2009,2009.00
"(13.66033, 28.96)",1,700,700,700.00,2001,2001,2001.00
"(12.9, 0.08)",1,4440,4440,4440.00,2003,2003,2003.00
"(39.08333, -94.4)",1,880,880,880.00,1917,1917,1917.00
"(36.04167, 139.95667)",1,448,448,448.00,1913,1913,1913.00
"(-39.63333, 174.4)",1,4500,4500,4500.00,1908,1908,1908.00
"(36.00833, -95.15)",1,17000,17000,17000.00,1970,1970,1970.00
"(38.25, -86.16667)",1,680,680,680.00,1859,1859,1859.00
"(37.98333, -1.16667)",1,25000,25000,25000.00,1870,1870,1870.00
"(44.38333, 2.81667)",1,1500,1500,1500.00,1844,1844,1844.00
"(28.26667, 78.78333)",1,840,840,840.00,1916,1916,1916.00
"(40.91667, -78.08333)",1,705,705,705.00,1941,1941,1941.00
"(35.66667, 103.5)",1,52900,52900,52900.00,1917,1917,1917.00
"(28.48333, 78.5)",1,10322,10322,10322.00,1934,1934,1934.00
"(51.6, 10.8)",1,3250,3250,3250.00,1843,1843,1843.00
"(54.5, 35.2)",1,65500,65500,65500.00,1807,1807,1807.00
"(55.05, 12.06667)",1,4000,4000,4000.00,1878,1878,1878.00
"(42.9, 2.25)",1,9000,9000,9000.00,1964,1964,1964.00
"(37.62194, -82.23722)",1,1504,1504,1504.00,1990,1990,1990.00
"(9.53333, 39.71667)",1,6500,6500,6500.00,1942,1942,1942.00
"(51.78333, -1.78333)",1,700,700,700.00,1835,1835,1835.00
"(55.46667, 13.78333)",1,3500,3500,3500.00,1922,1922,1922.00
"(36.5, -79.25)",1,1360,1360,1360.00,1810,1810,1810.00
"(39.0, -0.03333)",1,NULL,NULL,NULL,1519,1519,1519.00
"(-20.0, 57.0)",1,220,220,220.00,1801,1801,1801.00
"(32.03333, 130.63333)",1,45000,45000,45000.00,1886,1886,1886.00
"(10.83333, 76.03333)",1,45000,45000,45000.00,1914,1914,1914.00
"(37.31667, 13.56667)",1,18000,18000,18000.00,1853,1853,1853.00
"(29.08333, 111.75)",1,1810,1810,1810.00,1977,1977,1977.00
"(53.01667, -4.1)",1,794,794,794.00,1949,1949,1949.00
"(34.6, 116.75)",1,82,82,82.00,1924,1924,1924.00
"(1.345, 31.47278)",1,167.7,167.7,167.70,2003,2003,2003.00
"(-11.85, 15.83333)",1,483,483,483.00,1974,1974,1974.00
"(52.05, 0.3)",1,1300,1300,1300.00,1923,1923,1923.00
"(51.13333, 34.5)",1,13000,13000,13000.00,1914,1914,1914.00
"(57.8, 45.8)",1,750,750,750.00,1949,1949,1949.00
"(54.225, -111.69167)",1,0.1,0.1,0.10,1967,1967,1967.00
"(54.81667, 46.0)",1,1900,1900,1900.00,1886,1886,1886.00
"(27.25, 79.96667)",1,230,230,230.00,1838,1838,1838.00
"(28.5475, -81.36222)",1,180,180,180.00,2004,2004,2004.00
"(64.43333, 21.2)",1,305.5,305.5,305.50,1954,1954,1954.00
"(40.66813, -117.18913)",1,2900,2900,2900.00,2012,2012,2012.00
"(46.5, 25.73333)",1,22700,22700,22700.00,1852,1852,1852.00
"(44.75, 0.05)",1,360,360,360.00,1883,1883,1883.00
"(25.36667, 82.91667)",1,3700,3700,3700.00,1798,1798,1798.00
"(45.21667, 62.08333)",1,1000,1000,1000.00,1927,1927,1927.00
"(31.91667, 104.91667)",1,222,222,222.00,1964,1964,1964.00
"(9.31667, -70.62833)",1,50000,50000,50000.00,1972,1972,1972.00
"(55.33333, 10.33333)",1,NULL,NULL,NULL,1654,1654,1654.00
"(37.75, 139.0)",1,31650,31650,31650.00,1837,1837,1837.00
"(24.1, 105.0)",1,NULL,NULL,NULL,1983,1983,1983.00
"(49.28333, 15.56667)",1,52000,52000,52000.00,1808,1808,1808.00
"(36.6, -88.1)",1,12600,12600,12600.00,1950,1950,1950.00
"(54.76183, 11.46745)",1,25.81,25.81,25.81,2009,2009,2009.00
"(21.3, -157.86667)",1,2420,2420,2420.00,1825,1825,1825.00
"(13.33333, 78.95)",1,100,100,100.00,1811,1811,1811.00
"(44.06667, 12.1)",1,NULL,NULL,NULL,1495,1495,1495.00
"(57.16667, 65.53333)",1,750,750,750.00,1903,1903,1903.00
"(44.08333, 6.86667)",1,17000,17000,17000.00,1637,1637,1637.00
"(2.0, 22.66667)",1,625,625,625.00,1949,1949,1949.00
"(25.91667, 86.36667)",1,1000,1000,1000.00,1950,1950,1950.00
"(43.08333, 0.58333)",1,50000,50000,50000.00,1858,1858,1858.00
"(43.6, 1.4)",1,1030,1030,1030.00,1812,1812,1812.00
"(47.86667, 7.35)",1,127000,127000,127000.00,1491,1491,1491.00
"(11.49167, 11.65833)",1,100000,100000,100000.00,1984,1984,1984.00
"(39.8, 26.6)",1,4000,4000,4000.00,1964,1964,1964.00
"(50.91667, 9.18333)",1,63000,63000,63000.00,1916,1916,1916.00
"(46.42137, 14.05217)",1,3667,3667,3667.00,2009,2009,2009.00
"(50.83333, 25.5)",1,12000,12000,12000.00,1834,1834,1834.00
"(43.66667, 13.0)",1,237,237,237.00,2002,2002,2002.00
"(51.33333, -118.95)",1,1,1,1.00,1965,1965,1965.00
"(29.58333, 76.0)",1,1161,1161,1161.00,1884,1884,1884.00
"(-33.9, -61.7)",1,5500,5500,5500.00,1924,1924,1924.00
"(34.58333, -87.5)",1,877,877,877.00,1907,1907,1907.00
"(48.6, 38.0)",1,18000,18000,18000.00,1814,1814,1814.00
"(1.0, 22.5)",1,4,4,4.00,1951,1951,1951.00
"(33.7, 133.8)",1,330,330,330.00,1898,1898,1898.00
"(11.75, 122.33333)",1,2400,2400,2400.00,1916,1916,1916.00
"(52.21667, 13.16667)",1,1250,1250,1250.00,1988,1988,1988.00
"(31.63333, 118.98333)",1,498,498,498.00,1978,1978,1978.00
"(60.24556, 22.06194)",1,1544,1544,1544.00,1971,1971,1971.00
"(52.3, 77.03333)",1,142.5,142.5,142.50,1938,1938,1938.00
"(13.73333, 100.08333)",1,23200,23200,23200.00,1923,1923,1923.00
"(24.95, 75.15)",1,9241,9241,9241.00,1926,1926,1926.00
"(48.45, 3.93333)",1,8300,8300,8300.00,1866,1866,1866.00
"(25.15, 105.18333)",1,2500,2500,2500.00,1971,1971,1971.00
"(57.35, 37.61667)",1,152000,152000,152000.00,1918,1918,1918.00
"(45.275, 26.70972)",1,6913,6913,6913.00,2008,2008,2008.00
"(-25.73333, 142.95)",1,160000,160000,160000.00,1879,1879,1879.00
"(47.21667, 29.86667)",1,2500,2500,2500.00,1894,1894,1894.00
"(52.45, -8.33333)",1,3520,3520,3520.00,1810,1810,1810.00
"(19.03333, 81.89167)",1,113,113,113.00,1940,1940,1940.00
"(24.33333, 90.16667)",1,3200,3200,3200.00,1863,1863,1863.00
"(60.66667, 11.0)",1,45.5,45.5,45.50,1976,1976,1976.00
"(30.0, -7.0)",1,45000,45000,45000.00,2002,2002,2002.00
"(9.23333, 78.35)",1,77600,77600,77600.00,1857,1857,1857.00
"(50.66667, 16.76667)",1,1750,1750,1750.00,1879,1879,1879.00
"(43.33333, 128.25)",1,NULL,NULL,NULL,1976,1976,1976.00
"(30.75, -95.95)",1,97.7,97.7,97.70,1906,1906,1906.00
"(43.66667, 45.38333)",1,3500,3500,3500.00,1861,1861,1861.00
"(21.3, -157.78333)",1,682,682,682.00,1949,1949,1949.00
"(12.0, 1.0)",1,8165,8165,8165.00,1956,1956,1956.00
"(-28.83333, 31.95)",1,1995,1995,1995.00,1936,1936,1936.00
"(32.53333, -87.16667)",1,3200,3200,3200.00,1900,1900,1900.00
"(5.38333, 16.38333)",1,1000,1000,1000.00,1907,1907,1907.00
"(21.25, 83.66667)",1,105,105,105.00,1890,1890,1890.00
"(31.83333, -98.83333)",1,5100,5100,5100.00,1909,1909,1909.00
"(43.39056, 1.9625)",1,149000,149000,149000.00,1923,1923,1923.00
"(23.05, 86.7)",1,1700,1700,1700.00,1863,1863,1863.00
"(50.13333, 27.16667)",1,1900,1900,1900.00,1887,1887,1887.00
"(36.06667, -90.5)",1,408000,408000,408000.00,1930,1930,1930.00
"(41.05, 23.56667)",1,8500,8500,8500.00,1818,1818,1818.00
"(56.11667, 37.33333)",1,6000,6000,6000.00,1954,1954,1954.00
"(25.73333, 73.61667)",1,25400,25400,25400.00,1962,1962,1962.00
"(50.6, 16.3)",1,39000,39000,39000.00,1847,1847,1847.00
"(-31.91, -58.32833)",1,270,270,270.00,2008,2008,2008.00
"(28.38333, 75.78333)",1,315,315,315.00,1921,1921,1921.00
"(20.88333, 74.83333)",1,18,18,18.00,1877,1877,1877.00
"(-31.35, 129.19)",1,324,324,324.00,2007,2007,2007.00
"(24.56667, 114.16667)",1,3500,3500,3500.00,1990,1990,1990.00
"(59.70444, -134.20139)",1,10000,10000,10000.00,2000,2000,2000.00
"(40.08528, -86.055)",1,483.7,483.7,483.70,1991,1991,1991.00
"(22.68333, 90.65)",1,1047,1047,1047.00,1940,1940,1940.00
"(-26.0, 30.0)",1,22,22,22.00,1918,1918,1918.00
"(42.9, 24.7)",1,5700,5700,5700.00,1904,1904,1904.00
"(28.56667, 77.25)",1,0.8,0.8,0.80,1897,1897,1897.00
"(44.83333, 95.16667)",1,910,910,910.00,1949,1949,1949.00
"(38.25, -85.75)",1,1300,1300,1300.00,1977,1977,1977.00
"(44.05, -80.16667)",1,18600,18600,18600.00,1904,1904,1904.00
"(12.83333, 9.38333)",1,4629,4629,4629.00,2004,2004,2004.00
"(35.65, 139.33333)",1,0.2,0.2,0.20,1817,1817,1817.00
"(-31.41667, -60.66667)",1,7450,7450,7450.00,1950,1950,1950.00
"(19.0, 81.0)",1,12000,12000,12000.00,2001,2001,2001.00
"(37.26667, -89.58333)",1,2300,2300,2300.00,1846,1846,1846.00
"(51.16667, -117.33333)",1,14000,14000,14000.00,1893,1893,1893.00
"(45.5, 119.03333)",1,128800,128800,128800.00,1995,1995,1995.00
"(25.85, 87.5775)",1,3679.7,3679.7,3679.70,1921,1921,1921.00
"(56.65, 15.86667)",1,6862,6862,6862.00,1930,1930,1930.00
"(35.03333, -83.03333)",1,668,668,668.00,1903,1903,1903.00
"(43.66667, 21.86667)",1,80000,80000,80000.00,1877,1877,1877.00
"(4.7, 33.63333)",1,11355,11355,11355.00,1942,1942,1942.00
"(45.46667, 105.38333)",1,10000,10000,10000.00,1967,1967,1967.00
"(30.73111, 66.80222)",1,453.6,453.6,453.60,1961,1961,1961.00
"(17.83333, 73.98333)",1,4500,4500,4500.00,1879,1879,1879.00
"(44.4, 19.11667)",1,95000,95000,95000.00,1897,1897,1897.00
"(34.75, 10.71667)",1,7000,7000,7000.00,1989,1989,1989.00
"(35.0, 127.5)",1,1320,1320,1320.00,1930,1930,1930.00
"(11.05, -69.85)",1,4590,4590,4590.00,1970,1970,1970.00
"(46.06667, 23.58333)",1,16250,16250,16250.00,1857,1857,1857.00
"(-10.05944, 33.395)",1,3920,3920,3920.00,1988,1988,1988.00
"(33.4, 70.6)",1,342,342,342.00,1950,1950,1950.00
"(38.12167, 140.06167)",1,1810,1810,1810.00,1922,1922,1922.00
"(41.25, 1.66667)",1,945,945,945.00,1861,1861,1861.00
"(34.75, -87.0)",1,265,265,265.00,1933,1933,1933.00
"(35.16667, 135.33333)",1,17100,17100,17100.00,1866,1866,1866.00
"(26.03333, 81.46667)",1,2770,2770,2770.00,1942,1942,1942.00
"(24.225, 76.525)",1,1140,1140,1140.00,1994,1994,1994.00
"(12.45, -0.08333)",1,25000,25000,25000.00,1999,1999,1999.00
"(64.02, 161.80833)",1,250000,250000,250000.00,1981,1981,1981.00
"(44.3, 0.4)",1,132.7,132.7,132.70,1826,1826,1826.00
"(26.78333, 82.83333)",1,1500,1500,1500.00,1852,1852,1852.00
"(47.75, 16.23333)",1,7000,7000,7000.00,1925,1925,1925.00
"(34.8, 127.0)",1,1000,1000,1000.00,1924,1924,1924.00
"(43.25, -93.66667)",1,152000,152000,152000.00,1890,1890,1890.00
"(8.91667, 8.43333)",1,3000,3000,3000.00,1959,1959,1959.00
"(32.08333, 121.5)",1,1275,1275,1275.00,1982,1982,1982.00
"(-34.05, 150.68889)",1,367.5,367.5,367.50,1928,1928,1928.00
"(40.0, 29.0)",1,438,438,438.00,1907,1907,1907.00
"(47.83333, 37.66667)",1,54640,54640,54640.00,1951,1951,1951.00
"(54.56667, -6.33333)",1,5460,5460,5460.00,1969,1969,1969.00
"(35.27333, 44.21556)",1,6000,6000,6000.00,1977,1977,1977.00
"(45.41667, 11.13333)",1,40,40,40.00,1668,1668,1668.00
"(55.78333, 61.36667)",1,200000,200000,200000.00,1949,1949,1949.00
"(24.23333, 89.05)",1,1600,1600,1600.00,1865,1865,1865.00
"(41.68333, -112.13333)",1,102,102,102.00,1950,1950,1950.00
"(35.2945, 136.70033)",1,1110.6,1110.6,1110.60,1910,1910,1910.00
"(35.36667, 136.76667)",1,710,710,710.00,1938,1938,1938.00
"(47.85, 34.76667)",1,600,600,600.00,1905,1905,1905.00
"(47.81667, -96.85)",1,17600,17600,17600.00,1894,1894,1894.00
"(48.95, 17.38333)",1,3750,3750,3750.00,1831,1831,1831.00
"(55.0, 34.0)",1,195,195,195.00,1809,1809,1809.00
"(42.38467, -83.6115)",1,1551,1551,1551.00,1997,1997,1997.00
"(51.9, -1.11667)",1,1060,1060,1060.00,1830,1830,1830.00
"(14.25, 1.53333)",1,3000,3000,3000.00,1970,1970,1970.00
"(33.01667, -83.96667)",1,16300,16300,16300.00,1829,1829,1829.00
"(30.3, 109.5)",1,8000,8000,8000.00,1974,1974,1974.00
"(16.58333, -11.33333)",1,1500,1500,1500.00,1970,1970,1970.00
"(-15.96667, 27.35)",1,NULL,NULL,NULL,1950,1950,1950.00
"(9.66667, 105.66667)",1,13100,13100,13100.00,1921,1921,1921.00
"(45.36667, 1.86667)",1,1000,1000,1000.00,1836,1836,1836.00
"(32.9, 115.9)",1,2500,2500,2500.00,1977,1977,1977.00
"(58.03333, 26.95)",1,28500,28500,28500.00,1872,1872,1872.00
"(44.33333, 3.23333)",1,2000,2000,2000.00,1842,1842,1842.00
"(43.03333, 12.55)",1,2000,2000,2000.00,1886,1886,1886.00
"(12.0, 105.48333)",1,7800,7800,7800.00,1933,1933,1933.00
"(-35.08333, 139.91667)",1,41730,41730,41730.00,1930,1930,1930.00
"(48.3025, 13.94083)",1,2125,2125,2125.00,1932,1932,1932.00
"(23.5, 90.33333)",1,3840,3840,3840.00,1903,1903,1903.00
"(44.66667, 117.5)",1,5900,5900,5900.00,1980,1980,1980.00
"(27.43333, 82.08333)",1,1250,1250,1250.00,1855,1855,1855.00
"(30.4, 78.2)",1,14,14,14.00,1913,1913,1913.00
